id_estudiante,nombre,apellido,edad,genero,id_carrera,fecha_ingreso,estado_estudiante
1,Maximiliano,Sepúlveda Muñoz,25,Masculino,5,2021-03-08,Activo
2,Nicolás,Rojas Reyes,22,Masculino,5,2024-08-08,Activo
3,Pablo,Reyes Vásquez,28,Masculino,5,2020-08-07,Activo
4,Constanza,Tapia Pérez,23,Femenino,2,2021-03-09,Activo
5,Antonia,Vásquez Sepúlveda,23,Femenino,7,2023-08-20,Activo
6,Trinidad,Gutiérrez Sepúlveda,25,Femenino,2,2023-08-23,Activo
7,Bastián,Flores Torres,18,Masculino,4,2025-03-15,Activo
8,Gabriel,Castro Morales,24,Masculino,4,2022-08-20,Retirado
9,Constanza,Reyes Núñez,17,Femenino,6,2025-03-19,Activo
10,Daniela,Espinoza Muñoz,23,Otro,6,2021-03-25,Egresado
11,Trinidad,Fernández Martínez,27,Femenino,3,2021-08-06,Activo
12,Maximiliano,Rojas Torres,24,Masculino,5,2024-03-12,Activo
13,Javiera,Cortés Soto,27,Femenino,6,2021-08-11,Activo
14,Agustín,Reyes López,19,Masculino,6,2023-08-25,Activo
15,Martina,Martínez Morales,27,Femenino,6,2021-08-04,Activo
16,Benjamín,Reyes Cortés,27,Masculino,4,2022-08-18,Activo
17,Francisca,Araya Rodríguez,29,Femenino,1,2020-03-20,Egresado
18,Matías,Contreras Martínez,19,Masculino,1,2025-08-18,Activo
19,Nicolás,Vergara Gutiérrez,21,Masculino,3,2022-08-16,Activo
20,Bárbara,Vásquez Silva,20,Femenino,4,2024-03-23,Activo
21,María,Flores Fuentes,22,Femenino,2,2023-08-03,Retirado
22,Constanza,Hernández Díaz,24,Otro,5,2020-08-21,Retirado
23,Agustín,Araya Gutiérrez,28,Masculino,7,2020-08-09,Egresado
24,Maximiliano,Silva Hernández,20,Masculino,5,2024-03-18,Activo
25,Bárbara,Araya Castro,20,Femenino,1,2023-03-05,Activo
26,Josefa,Morales Fernández,24,Femenino,7,2022-08-17,Activo
27,Agustín,Castro Sepúlveda,26,Masculino,5,2023-08-19,Retirado
28,Nicolás,Flores Torres,25,Masculino,3,2022-08-12,Activo
29,Alonso,López Hernández,21,Masculino,3,2024-08-11,Activo
30,Fernanda,Espinoza López,28,Otro,5,2020-03-08,Egresado
31,Fernanda,Gutiérrez Fernández,24,Femenino,2,2024-08-13,Retirado
32,Isidora,Torres Muñoz,27,Otro,1,2020-03-05,Retirado
33,Nicolás,Díaz Araya,17,Masculino,2,2025-08-15,Activo
34,Gabriel,Cortés Tapia,22,Masculino,6,2021-03-05,Egresado
35,Sofía,Morales Castillo,25,Femenino,4,2023-03-23,Activo
36,Ignacio,Cortés Reyes,27,Masculino,6,2021-08-18,Activo
37,Maximiliano,Cortés Flores,19,Masculino,2,2024-03-02,Activo
38,Isidora,Silva Castro,25,Femenino,3,2023-03-03,Activo
39,Diego,Hernández Soto,21,Masculino,6,2025-03-23,Activo
40,Matías,Morales Vásquez,22,Masculino,7,2024-03-02,Activo
41,Josefa,Pérez Silva,26,Femenino,3,2022-03-17,Activo
42,Tomás,Soto Soto,24,Masculino,6,2024-03-03,Activo
43,Cristóbal,Torres Fernández,20,Masculino,6,2024-03-19,Activo
44,Sofía,Hernández Martínez,21,Femenino,5,2021-08-22,Activo
45,Nicolás,Vergara Sepúlveda,21,Masculino,5,2023-08-22,Activo
46,Florencia,Espinoza Sepúlveda,27,Femenino,5,2021-03-21,Activo
47,Nicolás,Cortés Sepúlveda,23,Masculino,1,2025-08-07,Activo
48,Diego,Silva López,25,Masculino,5,2022-08-19,Activo
49,Agustín,González Núñez,24,Masculino,6,2024-03-22,Retirado
50,Carolina,Cortés Reyes,20,Femenino,1,2022-03-25,Activo
51,Maximiliano,Núñez Vergara,24,Masculino,1,2021-03-10,Activo
52,Lucas,Silva Tapia,23,Masculino,7,2023-08-07,Activo
53,Sebastián,Tapia Díaz,20,Masculino,3,2022-03-21,Activo
54,Trinidad,Muñoz Espinoza,20,Femenino,1,2024-03-12,Activo
55,Isidora,Morales Castro,24,Femenino,4,2020-08-14,Egresado
56,Daniela,Vergara Rodríguez,21,Femenino,7,2025-08-17,Activo
57,Felipe,Fernández Núñez,23,Masculino,5,2023-08-16,Activo
58,Ignacio,Vásquez Díaz,22,Masculino,5,2021-03-15,Activo
59,Constanza,Cortés Reyes,23,Femenino,2,2025-03-24,Activo
60,Alonso,Rodríguez Rojas,19,Masculino,2,2023-03-13,Activo
61,Javiera,Hernández Rodríguez,21,Femenino,5,2025-08-22,Activo
62,Lucas,Díaz Reyes,24,Masculino,2,2025-03-08,Activo
63,Daniela,Morales Fernández,23,Femenino,5,2022-03-20,Retirado
64,Nicolás,Fernández Gutiérrez,24,Masculino,6,2024-08-10,Activo
65,Camila,Muñoz Sepúlveda,18,Femenino,3,2025-03-16,Activo
66,Daniela,Pérez López,26,Femenino,5,2021-08-15,Activo
67,Alonso,Fuentes Espinoza,19,Masculino,4,2025-08-24,Activo
68,Diego,Núñez Torres,24,Masculino,7,2024-08-20,Activo
69,Felipe,Muñoz Gutiérrez,22,Masculino,2,2023-03-12,Activo
70,Constanza,Cortés Rodríguez,24,Femenino,6,2023-08-04,Retirado
71,Lucas,Muñoz López,23,Masculino,4,2022-08-09,Activo
72,Nicolás,Rojas Reyes,18,Masculino,4,2024-03-07,Activo
73,Martina,Silva Pérez,24,Femenino,6,2021-08-19,Activo
74,Daniela,Contreras Espinoza,21,Femenino,3,2024-08-07,Activo
75,Catalina,Vásquez Vergara,19,Femenino,2,2023-08-20,Activo
76,Catalina,Pérez Flores,22,Femenino,5,2022-08-09,Retirado
77,María,Pérez González,22,Femenino,6,2023-08-12,Activo
78,Benjamín,Soto Martínez,19,Masculino,1,2025-08-02,Activo
79,Bastián,Díaz Castro,27,Masculino,2,2022-08-03,Activo
80,Florencia,Araya Espinoza,24,Femenino,1,2025-08-04,Activo
81,Rodrigo,Muñoz Castro,23,Masculino,2,2023-03-22,Activo
82,María,Muñoz Torres,25,Femenino,5,2023-03-13,Activo
83,Maximiliano,Gutiérrez Fernández,19,Masculino,3,2024-03-15,Activo
84,Ignacio,Castillo Pérez,20,Masculino,1,2024-08-03,Activo
85,Carolina,Flores Gutiérrez,25,Femenino,1,2023-08-11,Activo
86,Gabriel,Sepúlveda Hernández,25,Otro,4,2023-08-17,Activo
87,Javiera,Cortés Tapia,22,Femenino,4,2023-08-21,Activo
88,Constanza,Fuentes Morales,26,Femenino,5,2022-03-15,Activo
89,Javiera,Morales Fuentes,23,Femenino,6,2023-03-11,Activo
90,Catalina,Reyes Fernández,19,Femenino,1,2024-08-16,Activo
91,Valentina,Rojas Fuentes,23,Femenino,5,2024-08-04,Activo
92,Alonso,Muñoz Espinoza,25,Masculino,4,2022-08-18,Activo
93,Gabriel,Rodríguez Cortés,27,Masculino,3,2021-03-22,Activo
94,Matías,Sepúlveda Castillo,22,Masculino,2,2025-08-10,Activo
95,Paula,Contreras Pérez,25,Femenino,7,2024-03-22,Activo
96,Javiera,Rodríguez Cortés,26,Femenino,3,2021-03-18,Activo
97,Sofía,Espinoza Silva,18,Femenino,3,2024-08-14,Retirado
98,Felipe,González Soto,25,Masculino,3,2021-08-09,Activo
99,Lucas,González Soto,26,Masculino,2,2022-08-05,Activo
100,María,Rojas Castro,23,Femenino,1,2022-08-17,Activo
101,Trinidad,Morales Soto,24,Femenino,7,2022-03-12,Activo
102,Pablo,Castillo Rojas,21,Masculino,3,2023-03-02,Activo
103,Bárbara,Muñoz Reyes,25,Femenino,4,2021-08-03,Activo
104,Josefa,Torres Castillo,25,Femenino,1,2023-03-15,Activo
105,Paula,Díaz Rodríguez,19,Femenino,5,2024-08-14,Retirado
106,Carolina,Torres Araya,22,Femenino,1,2024-08-22,Activo
107,Emilia,Castillo Muñoz,20,Femenino,5,2025-08-01,Activo
108,Francisca,Pizarro Pérez,24,Femenino,1,2022-03-25,Activo
109,Javiera,González Torres,23,Femenino,2,2025-03-24,Activo
110,Emilia,Flores Gutiérrez,24,Femenino,2,2023-03-08,Activo
111,Camila,Fuentes González,23,Femenino,6,2020-08-15,Egresado
112,Pablo,Fuentes Espinoza,26,Masculino,4,2022-08-13,Activo
113,Emilia,González Morales,29,Femenino,6,2020-03-06,Egresado
114,Lucas,Rojas Fuentes,20,Masculino,5,2025-08-04,Activo
115,Emilia,Araya Rojas,23,Femenino,1,2023-03-13,Activo
116,Cristóbal,Morales Pizarro,22,Masculino,2,2021-08-06,Retirado
117,Diego,Araya Araya,24,Masculino,4,2023-03-07,Activo
118,Catalina,Silva Díaz,25,Femenino,7,2021-03-05,Egresado
119,Bárbara,Pérez Pizarro,21,Femenino,1,2022-03-25,Activo
120,Fernanda,Hernández Pizarro,26,Femenino,2,2023-08-19,Retirado
121,Pablo,Tapia Tapia,22,Masculino,1,2025-03-20,Activo
122,Ignacio,Pérez Hernández,26,Masculino,5,2023-08-03,Activo
123,Isidora,Vásquez Martínez,19,Femenino,1,2023-03-19,Activo
124,Valentina,Sepúlveda Hernández,19,Femenino,4,2023-03-15,Activo
125,Isidora,Rojas Tapia,24,Femenino,3,2024-03-03,Activo
126,Daniela,Vásquez Castro,25,Femenino,4,2024-08-02,Activo
127,Pablo,Tapia Contreras,29,Masculino,3,2020-08-11,Retirado
128,Matías,Hernández Díaz,22,Masculino,6,2021-08-11,Activo
129,Tomás,Muñoz Silva,25,Masculino,2,2024-08-23,Activo
130,Gabriel,Araya Castillo,22,Otro,4,2025-03-06,Activo
131,Isidora,López Fuentes,25,Femenino,6,2022-03-25,Activo
132,Matías,Vásquez Tapia,24,Masculino,3,2023-08-21,Activo
133,Javiera,Flores Reyes,25,Femenino,4,2021-03-13,Egresado
134,Bárbara,Cortés Pérez,19,Femenino,5,2024-08-11,Activo
135,Sebastián,Fernández Rodríguez,26,Masculino,7,2022-03-10,Activo
136,Valentina,Sepúlveda Flores,24,Femenino,4,2023-08-13,Activo
137,Bastián,Rojas Tapia,24,Masculino,5,2024-08-22,Activo
138,Benjamín,Rodríguez Sepúlveda,24,Masculino,3,2021-08-06,Activo
139,Fernanda,Contreras Silva,20,Femenino,5,2024-08-05,Activo
140,Javiera,Araya Pizarro,21,Femenino,2,2021-08-18,Activo
141,Rodrigo,Pérez Castillo,20,Masculino,6,2024-03-13,Activo
142,Bárbara,Vásquez Vergara,28,Femenino,1,2021-03-06,Egresado
143,Florencia,Reyes Castro,25,Femenino,6,2024-08-08,Activo
144,Nicolás,Silva Flores,21,Masculino,4,2025-08-08,Activo
145,Maximiliano,Vergara Núñez,23,Masculino,5,2024-03-07,Activo
146,Pablo,Hernández Hernández,25,Masculino,1,2021-08-25,Retirado
147,Bastián,Araya Fuentes,22,Masculino,1,2023-08-06,Activo
148,Sebastián,Cortés Martínez,28,Masculino,4,2021-03-02,Egresado
149,Alonso,Fernández Díaz,22,Masculino,5,2021-08-23,Retirado
150,Antonia,Martínez Hernández,20,Femenino,6,2024-03-17,Activo
151,Vicente,Fernández Silva,24,Masculino,2,2023-03-15,Activo
152,Gabriel,Muñoz López,24,Masculino,6,2023-03-17,Activo
153,Valentina,Rodríguez Silva,25,Femenino,6,2022-08-01,Activo
154,Ignacio,Vásquez Pérez,21,Masculino,1,2021-03-05,Egresado
155,Fernanda,Gutiérrez Núñez,28,Femenino,2,2021-08-05,Activo
156,María,Vergara Rojas,22,Femenino,2,2024-03-01,Activo
157,Catalina,Flores Castro,26,Femenino,5,2022-08-20,Activo
158,Isidora,Silva Sepúlveda,18,Femenino,6,2024-03-04,Activo
159,Bárbara,Hernández Rojas,25,Femenino,1,2024-03-04,Activo
160,Benjamín,Tapia Araya,24,Masculino,2,2021-08-19,Activo
161,Agustín,Fuentes González,25,Masculino,6,2022-03-20,Activo
162,Josefa,Soto Reyes,19,Femenino,6,2024-03-22,Activo
163,Lucas,Rojas Araya,20,Masculino,4,2022-08-18,Activo
164,Fernanda,Muñoz Tapia,22,Femenino,2,2025-03-13,Activo
165,María,Rodríguez Vásquez,23,Femenino,6,2024-08-03,Activo
166,Javiera,Pizarro Espinoza,23,Femenino,5,2024-03-24,Activo
167,Florencia,Flores Morales,23,Femenino,4,2021-03-21,Egresado
168,Nicolás,Gutiérrez Torres,21,Masculino,3,2023-08-21,Retirado
169,Vicente,Gutiérrez Pizarro,17,Masculino,3,2025-08-15,Activo
170,Camila,Vásquez Contreras,23,Femenino,1,2024-03-02,Activo
171,Bastián,López Núñez,27,Masculino,7,2022-03-18,Retirado
172,Francisca,Sepúlveda Rodríguez,18,Femenino,6,2024-08-25,Activo
173,Ignacio,Martínez Díaz,28,Masculino,6,2020-03-12,Egresado
174,Nicolás,Vergara López,20,Masculino,7,2024-08-11,Activo
175,Maximiliano,Rodríguez Fernández,21,Masculino,2,2025-03-17,Activo
176,Gabriel,Rojas Fuentes,23,Masculino,1,2021-03-20,Egresado
177,Ignacio,Díaz Rojas,26,Masculino,2,2020-03-11,Retirado
178,Bárbara,Gutiérrez Fuentes,27,Femenino,3,2022-08-06,Activo
179,Camila,Castro Cortés,24,Femenino,2,2024-08-12,Activo
180,Camila,Rojas Reyes,23,Femenino,1,2025-03-21,Activo
181,Antonia,González Pérez,28,Femenino,1,2021-03-20,Egresado
182,Valentina,Silva Pizarro,27,Femenino,2,2020-08-21,Egresado
183,Carolina,Muñoz Castillo,26,Femenino,6,2023-08-05,Activo
184,Lucas,Hernández Pizarro,19,Masculino,1,2025-03-03,Activo
185,Martín,Morales Tapia,22,Masculino,4,2023-08-09,Activo
186,Benjamín,Castro Soto,24,Masculino,3,2024-08-16,Activo
187,Diego,Martínez Pizarro,24,Masculino,5,2025-03-09,Activo
188,Bárbara,Sepúlveda Gutiérrez,22,Femenino,3,2023-08-16,Activo
189,Valentina,Hernández Soto,27,Femenino,5,2022-03-23,Activo
190,Benjamín,Reyes Rodríguez,20,Otro,4,2023-03-23,Retirado
191,Agustín,Vergara Sepúlveda,19,Masculino,5,2025-08-06,Activo
192,Bastián,Silva Díaz,20,Masculino,5,2024-03-07,Retirado
193,Fernanda,González Rodríguez,25,Femenino,1,2022-03-18,Activo
194,Daniela,Pérez Castillo,22,Femenino,2,2021-08-03,Activo
195,Fernanda,Araya Fuentes,23,Femenino,2,2025-08-25,Activo
196,Vicente,Pérez Morales,20,Masculino,2,2023-08-21,Retirado
197,Paula,Rodríguez Pérez,22,Femenino,2,2022-03-25,Retirado
198,Sebastián,Fuentes Araya,19,Masculino,4,2024-08-02,Activo
199,Agustín,Soto Soto,22,Masculino,4,2023-08-11,Activo
200,Paula,Vergara Sepúlveda,25,Femenino,2,2021-03-03,Egresado
201,Daniela,Martínez Pérez,25,Femenino,5,2021-03-21,Activo
202,Vicente,Araya Tapia,21,Masculino,2,2023-03-06,Activo
203,Bárbara,Castro Vergara,22,Femenino,5,2025-08-20,Activo
204,Pablo,Muñoz Núñez,20,Masculino,1,2023-03-01,Activo
205,Carolina,Martínez Tapia,23,Femenino,3,2025-03-07,Activo
206,Benjamín,Torres Vergara,22,Masculino,5,2024-08-21,Activo
207,Agustín,Torres Silva,24,Masculino,7,2024-08-22,Retirado
208,Valentina,Gutiérrez Muñoz,27,Femenino,1,2022-03-06,Activo
209,Trinidad,Contreras Morales,21,Femenino,1,2023-08-20,Activo
210,Martina,Castro Cortés,25,Femenino,5,2023-03-12,Activo
211,Florencia,Araya Flores,26,Femenino,2,2021-03-04,Egresado
212,Javiera,Martínez Hernández,23,Femenino,3,2021-03-08,Activo
213,Isidora,López Cortés,23,Femenino,2,2025-08-20,Activo
214,Antonia,Núñez Morales,24,Femenino,5,2023-08-19,Activo
215,Antonia,Torres Araya,25,Femenino,1,2024-03-15,Activo
216,Maximiliano,González Rojas,25,Masculino,7,2024-03-13,Activo
217,Joaquín,Espinoza Rodríguez,17,Masculino,1,2025-03-02,Activo
218,Bárbara,Vergara Núñez,29,Femenino,1,2020-03-21,Retirado
219,María,Cortés Díaz,22,Femenino,3,2022-08-14,Activo
220,Lucas,Pizarro López,21,Masculino,4,2021-03-12,Retirado
221,Carolina,Flores Contreras,24,Femenino,4,2022-08-12,Activo
222,Paula,Hernández Pizarro,22,Femenino,5,2024-03-18,Activo
223,Rodrigo,Reyes Castillo,20,Masculino,3,2024-03-04,Activo
224,Martín,Rodríguez Vásquez,24,Masculino,2,2023-03-11,Retirado
225,Joaquín,Castillo Araya,18,Masculino,6,2024-08-13,Activo
226,Catalina,Gutiérrez Morales,27,Femenino,6,2022-08-16,Activo
227,Paula,Pérez Morales,25,Femenino,4,2022-08-20,Activo
228,Bárbara,Castro Núñez,25,Femenino,5,2022-08-10,Activo
229,Bastián,Flores Torres,23,Masculino,1,2023-03-23,Activo
230,María,Rodríguez Morales,22,Femenino,1,2021-08-22,Activo
231,Pablo,Sepúlveda Vásquez,18,Masculino,1,2024-03-24,Activo
232,Felipe,Tapia Vásquez,22,Masculino,5,2023-03-25,Activo
233,Pablo,Torres Soto,24,Masculino,2,2024-03-17,Retirado
234,Constanza,Muñoz Espinoza,18,Femenino,5,2025-08-23,Activo
235,Trinidad,Morales Fuentes,24,Femenino,3,2024-03-05,Activo
236,Gabriel,Araya Pizarro,26,Masculino,1,2023-03-20,Activo
237,Matías,Gutiérrez Pérez,23,Masculino,7,2022-08-17,Activo
238,Maximiliano,Araya López,23,Masculino,1,2021-08-11,Activo
239,Daniela,Morales Flores,22,Femenino,1,2024-08-12,Activo
240,Joaquín,Silva Martínez,25,Masculino,3,2021-03-18,Activo
241,Isidora,Pizarro Sepúlveda,23,Femenino,7,2022-08-23,Activo
242,Maximiliano,Morales Torres,21,Masculino,6,2025-08-12,Activo
243,Carolina,Reyes Flores,23,Femenino,2,2025-08-13,Activo
244,Sebastián,Sepúlveda Muñoz,20,Masculino,3,2023-08-10,Activo
245,Trinidad,Tapia Martínez,26,Femenino,1,2023-08-24,Activo
246,Daniela,Martínez Fernández,23,Femenino,4,2023-03-18,Activo
247,Bárbara,Castro Espinoza,23,Femenino,2,2022-03-08,Activo
248,Paula,Silva Tapia,20,Femenino,1,2022-03-08,Activo
249,Martina,Gutiérrez Torres,21,Femenino,7,2023-08-04,Activo
250,Daniela,Fernández Soto,26,Femenino,2,2023-03-14,Activo
251,Francisca,Pizarro Sepúlveda,23,Femenino,5,2023-03-11,Activo
252,Vicente,Tapia Espinoza,19,Masculino,3,2023-08-08,Activo
253,Tomás,Fuentes Vergara,19,Masculino,2,2023-03-06,Activo
254,Tomás,Vásquez Torres,24,Otro,1,2022-03-06,Activo
255,Benjamín,Sepúlveda Espinoza,18,Masculino,7,2025-03-20,Activo
256,Ignacio,Sepúlveda Hernández,28,Masculino,5,2021-08-21,Activo
257,Sebastián,Cortés Araya,25,Masculino,6,2021-03-15,Egresado
258,Javiera,Morales Soto,24,Femenino,6,2025-08-24,Activo
259,Tomás,González Castro,23,Masculino,1,2023-03-11,Activo
260,Joaquín,Soto Castillo,25,Masculino,7,2023-08-21,Activo
261,Bastián,Morales Rojas,21,Masculino,2,2022-03-13,Activo
262,Catalina,Torres Morales,19,Femenino,2,2023-08-08,Activo
263,Constanza,Hernández Pizarro,24,Femenino,4,2023-08-09,Activo
264,Carolina,González Martínez,23,Femenino,6,2024-08-21,Activo
265,Matías,Reyes Díaz,23,Masculino,6,2023-08-15,Activo
266,Paula,Fernández Vergara,21,Femenino,7,2025-03-23,Activo
267,Agustín,Rodríguez Castillo,20,Masculino,3,2025-03-08,Activo
268,Maximiliano,Pérez Hernández,24,Masculino,6,2023-08-24,Activo
269,Daniela,Fernández Torres,25,Femenino,7,2020-03-25,Egresado
270,Rodrigo,Cortés Vásquez,25,Masculino,3,2024-03-03,Activo
271,Lucas,Rojas Fernández,21,Masculino,1,2022-08-19,Retirado
272,Daniela,Vergara Araya,22,Femenino,2,2022-03-07,Activo
273,Paula,Hernández Díaz,25,Femenino,7,2020-03-22,Egresado
274,Maximiliano,Rojas Vergara,27,Masculino,7,2022-08-17,Activo
275,Nicolás,Pérez Araya,25,Masculino,1,2024-03-14,Activo
276,Alonso,Hernández Reyes,18,Masculino,6,2024-08-10,Activo
277,María,Castro Contreras,19,Femenino,6,2024-03-19,Retirado
278,Florencia,Gutiérrez Rojas,21,Femenino,6,2021-03-18,Egresado
279,Vicente,Fernández Torres,25,Masculino,4,2021-03-02,Egresado
280,Catalina,Pizarro Tapia,26,Femenino,3,2022-08-24,Activo
281,Emilia,Hernández Cortés,24,Femenino,1,2024-08-13,Retirado
282,Daniela,Pérez Tapia,22,Femenino,7,2021-03-12,Egresado
283,Daniela,López Araya,21,Femenino,4,2024-08-05,Activo
284,Benjamín,Sepúlveda Hernández,26,Masculino,5,2022-03-22,Activo
285,Cristóbal,Silva Hernández,20,Masculino,2,2024-08-12,Retirado
286,Javiera,Muñoz Vásquez,26,Femenino,7,2022-08-22,Activo
287,Benjamín,Silva Contreras,21,Masculino,3,2022-03-03,Retirado
288,Nicolás,Castillo Reyes,20,Masculino,5,2022-08-23,Activo
289,Camila,López Hernández,24,Femenino,5,2021-03-08,Activo
290,Matías,Pérez Araya,22,Masculino,6,2023-08-10,Activo
291,Pablo,Morales Espinoza,26,Masculino,5,2021-03-20,Activo
292,Catalina,Reyes Araya,24,Femenino,5,2024-08-08,Retirado
293,Camila,Flores Espinoza,21,Femenino,6,2023-08-24,Activo
294,Gabriel,Flores Torres,25,Masculino,4,2022-03-02,Activo
295,Martín,Vásquez Araya,26,Masculino,4,2022-03-11,Activo
296,Isidora,López Soto,25,Femenino,1,2024-08-25,Activo
297,Constanza,Sepúlveda Cortés,24,Femenino,2,2020-03-23,Egresado
298,Matías,Flores Fuentes,20,Masculino,4,2024-08-14,Activo
299,Sofía,Contreras Morales,21,Femenino,1,2022-03-21,Activo
300,Lucas,Rojas Flores,23,Masculino,5,2022-08-24,Retirado
301,Emilia,Reyes Castillo,17,Femenino,2,2025-03-20,Activo
302,Joaquín,Vásquez Pizarro,22,Masculino,2,2023-03-19,Activo
303,Martina,Sepúlveda Fernández,23,Femenino,7,2022-08-01,Activo
304,Diego,Castro Pizarro,22,Masculino,7,2023-03-16,Activo
305,Joaquín,López Fernández,23,Masculino,3,2024-03-08,Activo
306,Martín,Hernández Flores,22,Masculino,5,2025-08-21,Activo
307,Florencia,Araya Vergara,24,Femenino,6,2025-08-16,Activo
308,Fernanda,Pizarro Núñez,21,Femenino,5,2024-08-11,Activo
309,Josefa,Muñoz Espinoza,24,Femenino,5,2020-08-08,Activo
310,Daniela,Fernández Espinoza,25,Femenino,2,2023-03-19,Activo
311,Francisca,Morales Silva,23,Femenino,3,2022-03-13,Activo
312,Ignacio,Martínez Pizarro,25,Masculino,2,2024-08-16,Activo
313,Florencia,Soto Pérez,25,Femenino,3,2024-08-24,Activo
314,Daniela,Tapia Muñoz,19,Femenino,6,2023-03-17,Activo
315,Vicente,Núñez Reyes,20,Masculino,6,2022-03-02,Activo
316,Constanza,Rojas Gutiérrez,21,Femenino,5,2021-08-05,Activo
317,Trinidad,Rodríguez Muñoz,25,Femenino,5,2024-03-20,Activo
318,Benjamín,González Flores,24,Masculino,2,2024-03-18,Activo
319,Paula,Castro Martínez,21,Femenino,1,2025-03-18,Activo
320,Josefa,Vásquez Fernández,22,Femenino,2,2021-03-06,Egresado
321,Bastián,Pérez Silva,24,Masculino,4,2022-03-07,Activo
322,Felipe,Vásquez López,24,Masculino,6,2023-03-03,Activo
323,Nicolás,Espinoza Silva,22,Masculino,3,2023-08-23,Activo
324,Valentina,Tapia Cortés,17,Femenino,4,2025-08-21,Activo
325,Emilia,López Flores,18,Femenino,4,2024-03-16,Activo
326,Tomás,Rojas Torres,24,Masculino,2,2023-08-14,Activo
327,Diego,Vergara Araya,24,Masculino,7,2021-03-02,Egresado
328,Carolina,Torres Martínez,22,Femenino,1,2021-03-02,Egresado
329,Felipe,Vergara Flores,22,Masculino,2,2020-03-19,Egresado
330,Martina,González Contreras,22,Femenino,2,2022-08-19,Activo
331,Martín,Fernández Rojas,24,Masculino,2,2020-03-10,Egresado
332,Pablo,Núñez Cortés,22,Masculino,2,2025-03-13,Activo
333,Catalina,Vásquez Gutiérrez,18,Femenino,1,2025-03-24,Activo
334,Lucas,Muñoz Díaz,22,Masculino,6,2023-03-14,Retirado
335,Ignacio,Castillo Pizarro,28,Masculino,2,2020-08-20,Egresado
336,Ignacio,González Tapia,25,Masculino,2,2024-08-09,Activo
337,Lucas,Flores López,24,Masculino,3,2020-08-14,Activo
338,Martín,Rojas Pizarro,21,Masculino,7,2025-08-20,Activo
339,Vicente,Rojas Martínez,26,Masculino,1,2022-08-05,Activo
340,Sebastián,Castro López,24,Masculino,2,2023-08-11,Retirado
341,María,Sepúlveda Hernández,23,Femenino,6,2023-08-12,Activo
342,Valentina,Soto Fuentes,26,Femenino,1,2022-08-15,Activo
343,Valentina,Rodríguez Flores,25,Femenino,5,2022-03-03,Activo
344,Benjamín,Sepúlveda Fuentes,20,Masculino,2,2023-03-13,Activo
345,Alonso,Vergara Silva,20,Masculino,6,2024-03-19,Activo
346,Tomás,Pérez Martínez,25,Masculino,1,2021-08-10,Activo
347,Vicente,Soto Fuentes,25,Masculino,7,2023-08-09,Activo
348,Valentina,Rodríguez Martínez,28,Femenino,2,2021-03-08,Activo
349,Joaquín,Hernández Díaz,22,Masculino,2,2024-08-05,Activo
350,Emilia,Morales Núñez,28,Femenino,3,2020-08-20,Activo
351,Ignacio,Hernández Morales,21,Masculino,1,2023-03-14,Activo
352,Bárbara,Gutiérrez Contreras,22,Femenino,2,2025-08-16,Activo
353,Emilia,Morales Sepúlveda,24,Femenino,1,2025-08-24,Activo
354,Cristóbal,Morales López,25,Masculino,7,2023-03-09,Activo
355,Carolina,Contreras Espinoza,23,Femenino,4,2021-03-18,Egresado
356,Alonso,González Castro,21,Masculino,5,2024-08-15,Activo
357,Isidora,Núñez Gutiérrez,25,Femenino,1,2023-03-03,Activo
358,Sebastián,Tapia Sepúlveda,22,Masculino,5,2024-03-08,Activo
359,Gabriel,Vásquez López,26,Masculino,1,2023-08-03,Retirado
360,Ignacio,Espinoza López,28,Otro,6,2020-03-18,Egresado
361,Lucas,Gutiérrez Vergara,18,Masculino,2,2025-03-18,Activo
362,Constanza,Reyes Reyes,22,Femenino,2,2022-08-12,Activo
363,Matías,Espinoza Tapia,24,Masculino,6,2024-03-22,Activo
364,Ignacio,Vásquez Fuentes,19,Masculino,1,2023-03-04,Retirado
365,Constanza,Araya Castro,24,Femenino,5,2021-03-17,Activo
366,Emilia,Hernández Pizarro,19,Femenino,2,2025-08-22,Activo
367,María,Torres Díaz,24,Femenino,1,2024-08-10,Retirado
368,Vicente,Díaz Núñez,19,Masculino,2,2025-03-24,Activo
369,Martina,Hernández Vásquez,26,Femenino,7,2023-08-07,Activo
370,Javiera,Hernández Castro,26,Femenino,2,2023-08-23,Activo
371,Isidora,Muñoz Vásquez,19,Femenino,2,2024-03-23,Activo
372,Martina,Tapia Díaz,22,Femenino,2,2022-03-22,Retirado
373,Cristóbal,Araya Soto,24,Masculino,1,2020-08-18,Activo
374,Josefa,Hernández Silva,19,Femenino,1,2025-08-13,Activo
375,Josefa,López González,22,Femenino,4,2023-03-24,Activo
376,Josefa,López González,23,Femenino,4,2022-03-23,Activo
377,Valentina,Espinoza Díaz,19,Femenino,2,2025-03-18,Activo
378,Francisca,Hernández Díaz,25,Femenino,7,2024-08-09,Activo
379,Ignacio,Castillo López,25,Masculino,3,2023-03-20,Retirado
380,Lucas,Rodríguez Cortés,22,Masculino,2,2022-08-15,Activo
381,Agustín,Fernández Castillo,21,Masculino,6,2022-03-19,Activo
382,Ignacio,Díaz Silva,19,Masculino,1,2024-08-10,Activo
383,Catalina,Araya López,22,Femenino,6,2022-08-14,Activo
384,Gabriel,Soto Torres,23,Masculino,5,2021-08-21,Activo
385,Maximiliano,Sepúlveda Pérez,24,Masculino,6,2023-08-06,Activo
386,Rodrigo,Muñoz Cortés,21,Masculino,2,2021-03-12,Egresado
387,Francisca,Núñez López,29,Femenino,6,2020-03-18,Egresado
388,Fernanda,Fuentes Gutiérrez,24,Femenino,3,2025-08-15,Activo
389,Carolina,González Vásquez,23,Femenino,2,2022-08-25,Retirado
390,Sofía,Silva Flores,20,Femenino,2,2024-08-10,Activo
391,Pablo,Castro Pizarro,26,Masculino,6,2023-03-25,Activo
392,Diego,Espinoza Díaz,23,Masculino,2,2024-08-09,Activo
393,Matías,Pizarro Castro,23,Masculino,1,2022-08-15,Retirado
394,Francisca,Castro Núñez,22,Otro,7,2023-08-21,Activo
395,Camila,Hernández Martínez,22,Femenino,5,2021-03-12,Activo
396,Javiera,Pizarro Vásquez,21,Femenino,4,2024-08-08,Activo
397,Pablo,Gutiérrez Rodríguez,23,Masculino,4,2025-08-23,Activo
398,Catalina,Vásquez Contreras,20,Femenino,1,2022-08-07,Retirado
399,Alonso,Martínez Castillo,20,Masculino,5,2024-08-18,Activo
400,Isidora,Sepúlveda Espinoza,21,Femenino,1,2022-08-09,Activo
401,Josefa,Fernández Muñoz,20,Femenino,7,2024-08-09,Activo
402,Sebastián,Silva Pérez,22,Masculino,5,2025-03-23,Activo
403,Martín,Torres Pérez,22,Masculino,5,2024-03-19,Activo
404,Martín,Hernández Rojas,22,Masculino,6,2021-08-21,Activo
405,Sofía,Gutiérrez Fernández,27,Femenino,2,2022-08-12,Activo
406,Ignacio,Espinoza González,19,Masculino,7,2024-03-25,Activo
407,Nicolás,Tapia Reyes,22,Masculino,4,2025-08-23,Activo
408,Alonso,López Contreras,21,Masculino,4,2024-08-14,Activo
409,Ignacio,Núñez Sepúlveda,22,Masculino,5,2022-08-11,Activo
410,Maximiliano,Vásquez Morales,18,Masculino,1,2024-03-22,Retirado
411,Trinidad,González Díaz,26,Femenino,6,2023-08-06,Activo
412,Josefa,Contreras Gutiérrez,22,Femenino,7,2024-03-05,Activo
413,Sofía,Rojas Tapia,25,Femenino,6,2021-08-12,Activo
414,Antonia,Muñoz López,25,Femenino,6,2021-08-21,Activo
415,Cristóbal,Fuentes Tapia,22,Masculino,6,2021-08-03,Activo
416,Fernanda,Rojas Pérez,21,Femenino,2,2024-03-19,Activo
417,Nicolás,González González,25,Masculino,6,2022-03-23,Activo
418,Gabriel,Gutiérrez Pérez,18,Masculino,5,2025-03-16,Activo
419,Valentina,Castro Vásquez,19,Femenino,1,2024-03-04,Activo
420,Isidora,Pérez López,22,Femenino,1,2022-08-25,Retirado
421,Sebastián,Rojas Araya,19,Masculino,2,2023-08-19,Activo
422,Tomás,Hernández Rodríguez,25,Masculino,2,2020-08-24,Egresado
423,Sebastián,Fernández Fuentes,27,Masculino,6,2022-03-20,Retirado
424,Vicente,Vergara Díaz,23,Masculino,3,2020-08-05,Activo
425,Martín,Rodríguez Fuentes,19,Masculino,2,2025-08-11,Activo
426,Valentina,Silva Flores,25,Femenino,5,2021-08-20,Activo
427,Benjamín,Cortés Cortés,22,Masculino,3,2024-08-22,Activo
428,Bárbara,Araya Contreras,25,Femenino,1,2023-03-24,Retirado
429,Camila,Vásquez Vergara,29,Femenino,7,2020-08-08,Egresado
430,Constanza,Torres Tapia,19,Femenino,4,2024-03-20,Activo
431,Benjamín,Rodríguez Fernández,21,Masculino,5,2023-03-11,Retirado
432,Carolina,Fuentes Rodríguez,22,Femenino,2,2022-03-18,Retirado
433,Vicente,González Espinoza,20,Masculino,4,2022-03-03,Activo
434,Camila,Fernández Muñoz,23,Femenino,2,2023-08-13,Activo
435,Bastián,Pizarro Fuentes,27,Masculino,1,2021-03-14,Activo
436,Daniela,Flores Castillo,23,Femenino,7,2023-08-05,Retirado
437,Valentina,Araya Fernández,20,Femenino,5,2024-03-07,Activo
438,Martín,Espinoza Tapia,19,Masculino,2,2024-03-25,Activo
439,Josefa,Castro Cortés,20,Femenino,5,2022-08-08,Activo
440,Josefa,Díaz Hernández,17,Femenino,2,2025-08-20,Activo
441,Antonia,Díaz González,23,Femenino,1,2021-08-23,Activo
442,Tomás,Torres Rodríguez,24,Masculino,7,2022-03-17,Activo
443,Catalina,Castro Pizarro,19,Femenino,4,2024-03-09,Activo
444,Benjamín,Morales Vásquez,23,Masculino,5,2023-08-14,Activo
445,Felipe,Gutiérrez Espinoza,20,Masculino,2,2023-03-21,Activo
446,Bastián,Rodríguez Muñoz,23,Masculino,7,2021-08-16,Egresado
447,Sofía,Pizarro Díaz,18,Femenino,5,2025-08-19,Activo
448,Paula,González Muñoz,24,Femenino,1,2021-03-01,Egresado
449,Florencia,López Fernández,19,Femenino,5,2025-03-05,Activo
450,Matías,Flores Vásquez,24,Masculino,3,2024-03-23,Activo
451,Constanza,Fuentes Fernández,24,Femenino,1,2023-08-24,Activo
452,Valentina,Espinoza Rodríguez,18,Femenino,5,2024-03-04,Activo
453,Paula,Muñoz López,28,Femenino,1,2021-08-03,Activo
454,Agustín,Morales Rojas,27,Masculino,6,2022-03-18,Activo
455,Francisca,Sepúlveda Espinoza,25,Femenino,2,2020-08-10,Retirado
456,Carolina,Torres Pizarro,21,Femenino,3,2024-03-25,Activo
457,Alonso,Pizarro Vásquez,19,Masculino,1,2025-08-08,Activo
458,Josefa,González Silva,22,Femenino,6,2025-08-18,Activo
459,Benjamín,Morales González,26,Masculino,4,2022-03-25,Activo
460,Agustín,Díaz Contreras,22,Masculino,5,2023-08-17,Activo
461,Camila,Pérez Gutiérrez,21,Femenino,1,2022-08-09,Retirado
462,Constanza,Vergara Cortés,26,Femenino,7,2022-03-17,Activo
463,Lucas,Hernández Castro,18,Masculino,2,2025-03-03,Activo
464,Martín,Rojas Espinoza,18,Masculino,5,2024-03-19,Retirado
465,Catalina,Silva Sepúlveda,23,Femenino,2,2024-03-09,Retirado
466,Martín,Gutiérrez Núñez,22,Masculino,3,2025-08-24,Activo
467,Sofía,Silva Rojas,20,Femenino,1,2024-08-07,Activo
468,Pablo,Díaz Pérez,22,Masculino,2,2022-08-04,Activo
469,Martina,Fuentes Díaz,27,Femenino,4,2020-08-18,Egresado
470,Joaquín,Hernández Sepúlveda,22,Masculino,4,2024-03-15,Activo
471,Vicente,Soto Vásquez,25,Masculino,2,2021-08-22,Activo
472,Rodrigo,Muñoz Contreras,20,Masculino,1,2024-08-11,Retirado
473,Constanza,Rodríguez López,21,Femenino,5,2021-03-17,Retirado
474,Felipe,Núñez Soto,25,Masculino,2,2023-08-01,Retirado
475,Alonso,Castro Flores,21,Masculino,4,2022-08-08,Activo
476,Catalina,Díaz González,23,Femenino,2,2022-08-02,Activo
477,Emilia,Rodríguez Reyes,18,Femenino,7,2025-08-21,Activo
478,Felipe,Fernández Núñez,17,Masculino,2,2025-08-03,Activo
479,Emilia,Vergara Tapia,23,Otro,6,2021-03-15,Egresado
480,Martina,Díaz Muñoz,21,Femenino,3,2021-08-15,Activo
481,Carolina,Fuentes Núñez,24,Femenino,6,2024-03-24,Activo
482,Martín,Reyes Fuentes,24,Masculino,6,2023-03-06,Activo
483,Antonia,Martínez Martínez,23,Femenino,5,2021-08-15,Activo
484,Bárbara,Castillo Silva,24,Femenino,5,2022-03-21,Activo
485,Alonso,Torres Muñoz,25,Masculino,1,2021-08-03,Activo
486,Josefa,Contreras Tapia,22,Femenino,1,2023-08-17,Activo
487,Alonso,Vásquez González,26,Masculino,1,2021-03-13,Activo
488,Fernanda,Rodríguez Fernández,26,Femenino,1,2021-03-19,Retirado
489,Antonia,González Morales,22,Femenino,2,2023-08-20,Activo
490,Sofía,Muñoz Vásquez,25,Femenino,5,2022-03-16,Activo
491,Cristóbal,Soto Díaz,22,Masculino,7,2023-08-08,Activo
492,Camila,Pizarro Silva,25,Femenino,4,2023-08-19,Activo
493,Antonia,Soto Silva,23,Femenino,5,2024-03-19,Activo
494,Lucas,Fernández Espinoza,22,Masculino,1,2025-03-01,Activo
495,Pablo,Pérez Espinoza,26,Masculino,5,2023-08-07,Activo
496,Tomás,Torres Muñoz,20,Masculino,1,2022-08-03,Activo
497,Constanza,González Araya,18,Femenino,1,2024-03-16,Activo
498,Bárbara,Contreras Vásquez,25,Femenino,2,2022-03-05,Activo
499,Ignacio,Muñoz González,21,Masculino,4,2023-03-05,Activo
500,Bastián,Cortés Rodríguez,24,Masculino,1,2023-08-03,Activo
501,Martín,Espinoza Díaz,24,Masculino,5,2022-03-11,Activo
502,Antonia,Castro Fuentes,25,Femenino,1,2024-08-21,Retirado
503,Tomás,Gutiérrez Flores,22,Masculino,6,2025-03-23,Activo
504,Carolina,Núñez Soto,23,Femenino,4,2023-03-13,Activo
505,Agustín,Pérez Soto,17,Masculino,1,2025-03-24,Activo
506,Pablo,López Cortés,20,Masculino,6,2022-08-25,Activo
507,Martina,Fernández Vásquez,20,Femenino,6,2025-03-20,Activo
508,Diego,Fernández Torres,22,Masculino,2,2025-08-05,Activo
509,Cristóbal,Rodríguez Morales,19,Masculino,1,2024-03-06,Activo
510,Ignacio,Hernández González,22,Masculino,1,2023-03-09,Activo
511,Valentina,Rodríguez Martínez,19,Femenino,7,2023-08-04,Activo
512,Trinidad,Castro Fuentes,26,Femenino,2,2022-08-06,Activo
513,Martín,Rodríguez Flores,21,Masculino,1,2022-08-13,Activo
514,Pablo,Tapia Pizarro,21,Masculino,3,2024-03-22,Activo
515,Valentina,Vásquez Cortés,24,Femenino,1,2022-03-02,Activo
516,Sofía,Díaz Rojas,20,Femenino,5,2024-08-11,Activo
517,Tomás,Castro Rojas,20,Masculino,6,2023-08-18,Activo
518,Bárbara,Vergara Torres,18,Femenino,1,2024-08-23,Retirado
519,Antonia,Castillo Vergara,20,Femenino,5,2024-08-14,Activo
520,Martina,Contreras Contreras,23,Femenino,4,2023-08-14,Activo
521,Agustín,Silva Díaz,27,Masculino,5,2021-08-02,Activo
522,Maximiliano,Pérez Muñoz,17,Masculino,1,2025-03-12,Retirado
523,Isidora,Núñez Reyes,26,Femenino,5,2023-08-21,Activo
524,María,Contreras Soto,22,Femenino,5,2024-03-21,Activo
525,Maximiliano,Cortés Díaz,25,Masculino,1,2023-03-10,Activo
526,Sofía,Rojas Tapia,26,Femenino,5,2022-08-18,Activo
527,Emilia,Rodríguez Soto,20,Femenino,2,2022-03-15,Activo
528,Trinidad,Martínez Silva,21,Femenino,3,2021-08-09,Activo
529,Javiera,Rojas Reyes,24,Femenino,1,2024-03-12,Retirado
530,Pablo,Silva Flores,24,Masculino,3,2024-08-02,Activo
531,Gabriel,Flores Reyes,21,Masculino,2,2024-03-16,Retirado
532,Valentina,López Vergara,20,Femenino,2,2022-08-23,Retirado
533,Bastián,Vásquez Espinoza,23,Masculino,2,2021-08-22,Activo
534,Trinidad,Soto Soto,23,Femenino,5,2022-03-07,Activo
535,Josefa,Rojas Reyes,21,Femenino,5,2024-08-14,Activo
536,Isidora,Núñez Castillo,26,Otro,6,2021-03-09,Egresado
537,Vicente,Rojas López,26,Masculino,5,2022-08-18,Activo
538,Felipe,Araya Hernández,28,Masculino,3,2020-08-01,Activo
539,Catalina,Pérez Espinoza,21,Femenino,5,2022-08-19,Activo
540,Pablo,Pizarro Díaz,22,Masculino,6,2025-03-10,Activo
541,Felipe,López Tapia,25,Masculino,7,2024-08-16,Activo
542,Sofía,López Pérez,28,Femenino,6,2020-08-20,Egresado
543,Martina,Gutiérrez Silva,24,Femenino,1,2025-08-02,Activo
544,Lucas,González Morales,21,Masculino,2,2025-03-10,Retirado
545,Fernanda,Cortés Gutiérrez,21,Femenino,7,2022-03-22,Retirado
546,Cristóbal,Pérez Sepúlveda,29,Masculino,1,2020-03-24,Egresado
547,Ignacio,Martínez Castro,19,Masculino,2,2024-08-14,Activo
548,Francisca,Fernández Núñez,27,Femenino,4,2022-03-14,Activo
549,Lucas,Núñez Muñoz,20,Masculino,1,2024-08-17,Activo
550,Paula,López Pérez,19,Femenino,5,2023-08-25,Activo
551,Francisca,Núñez Muñoz,17,Femenino,5,2025-03-08,Activo
552,Florencia,Gutiérrez Contreras,23,Femenino,4,2024-08-09,Activo
553,Bastián,López Tapia,18,Masculino,3,2024-03-04,Activo
554,Fernanda,Castillo Hernández,24,Femenino,3,2025-03-06,Activo
555,Lucas,Rodríguez Soto,21,Masculino,7,2022-08-09,Activo
556,Emilia,Muñoz Soto,22,Femenino,4,2023-08-19,Activo
557,Cristóbal,Reyes Contreras,25,Masculino,1,2023-03-09,Activo
558,Benjamín,Torres Fernández,19,Masculino,5,2025-08-05,Activo
559,Benjamín,Silva Martínez,23,Masculino,1,2023-03-20,Activo
560,Felipe,Fuentes Vergara,25,Masculino,5,2022-03-13,Activo
561,Francisca,Hernández Sepúlveda,24,Femenino,1,2024-03-22,Retirado
562,Benjamín,Araya Reyes,23,Masculino,4,2023-03-12,Activo
563,Javiera,Torres Rojas,22,Femenino,5,2024-08-11,Activo
564,Felipe,Martínez Tapia,22,Masculino,1,2024-08-23,Activo
565,Paula,Pizarro Silva,23,Femenino,6,2025-08-02,Activo
566,Sebastián,Castro González,28,Masculino,4,2021-08-21,Activo
567,Paula,Fernández Fuentes,26,Otro,4,2022-03-13,Activo
568,Pablo,Gutiérrez Espinoza,25,Masculino,7,2022-08-07,Activo
569,Cristóbal,Reyes Flores,29,Masculino,1,2020-08-21,Retirado
570,Lucas,Araya Sepúlveda,19,Masculino,3,2025-03-06,Activo
571,Fernanda,Pérez Castro,20,Femenino,6,2024-03-09,Activo
572,Ignacio,Tapia Rojas,25,Masculino,2,2022-03-08,Activo
573,Isidora,Fuentes Vásquez,22,Femenino,6,2025-08-11,Activo
574,Isidora,Hernández Cortés,24,Femenino,1,2025-08-04,Activo
575,Carolina,Espinoza Castillo,24,Femenino,3,2025-03-03,Activo
576,Bastián,Díaz Cortés,23,Masculino,1,2025-08-22,Activo
577,Gabriel,Muñoz Cortés,19,Masculino,6,2025-03-05,Activo
578,Matías,Fuentes Espinoza,23,Otro,7,2021-03-15,Egresado
579,Antonia,Pizarro Rojas,25,Femenino,2,2022-03-16,Activo
580,Tomás,Morales Tapia,21,Masculino,3,2021-08-02,Activo
581,Francisca,Pizarro Pizarro,19,Femenino,1,2025-08-06,Activo
582,Valentina,Pérez Castillo,26,Femenino,5,2022-03-14,Activo
583,Fernanda,López González,23,Femenino,6,2022-08-02,Activo
584,Benjamín,Vergara Morales,23,Masculino,2,2022-03-25,Activo
585,María,Tapia Castro,21,Femenino,2,2024-03-08,Retirado
586,Lucas,Sepúlveda Pérez,27,Masculino,1,2021-08-04,Activo
587,Agustín,Soto Rojas,21,Masculino,2,2025-03-02,Activo
588,Nicolás,Castro Araya,25,Masculino,1,2022-08-20,Activo
589,Catalina,Morales Vergara,23,Femenino,4,2024-08-16,Activo
590,Tomás,Fernández Fernández,21,Masculino,1,2021-08-13,Activo
591,Catalina,Contreras Castro,22,Femenino,5,2022-03-01,Activo
592,Camila,López Vergara,24,Femenino,4,2022-08-21,Activo
593,Rodrigo,Muñoz Castillo,23,Masculino,6,2020-08-02,Egresado
594,Benjamín,Muñoz Gutiérrez,25,Masculino,3,2023-08-04,Activo
595,Javiera,Flores Martínez,20,Femenino,5,2024-08-16,Activo
596,María,Sepúlveda Fuentes,18,Femenino,6,2025-03-22,Activo
597,Felipe,Castillo Castillo,19,Masculino,7,2025-03-23,Activo
598,Javiera,Araya Castro,19,Femenino,2,2024-08-20,Activo
599,Javiera,Torres Contreras,22,Femenino,4,2023-03-20,Activo
600,Bastián,Contreras Rodríguez,25,Masculino,6,2023-03-23,Activo
601,Camila,Flores Torres,26,Femenino,2,2023-03-07,Activo
602,María,González Reyes,18,Femenino,6,2025-08-03,Activo
603,Maximiliano,Pérez Rojas,20,Masculino,1,2023-08-25,Retirado
604,Diego,Vergara Martínez,23,Masculino,4,2022-03-21,Activo
605,Isidora,Martínez Hernández,21,Femenino,4,2022-08-02,Activo
606,Matías,Cortés Sepúlveda,26,Masculino,5,2021-08-12,Activo
607,Javiera,Díaz Cortés,20,Femenino,2,2022-03-25,Activo
608,Catalina,Reyes Tapia,22,Femenino,1,2025-03-06,Activo
609,Trinidad,Castillo Martínez,20,Femenino,7,2023-08-24,Activo
610,Martina,Soto Díaz,26,Femenino,1,2022-08-13,Activo
611,Felipe,Núñez López,26,Masculino,1,2023-08-23,Activo
612,Tomás,Díaz Pérez,18,Masculino,6,2024-03-23,Activo
613,Martina,Díaz Fuentes,27,Otro,2,2022-03-19,Retirado
614,Nicolás,Soto Castillo,27,Masculino,6,2020-03-13,Egresado
615,Sebastián,Torres Fernández,19,Masculino,6,2024-08-16,Activo
616,Nicolás,Muñoz Rojas,24,Masculino,5,2023-03-09,Activo
617,Paula,Pizarro Castro,24,Femenino,2,2021-03-19,Egresado
618,Ignacio,Araya Araya,21,Masculino,4,2022-03-23,Activo
619,Constanza,Torres Rodríguez,25,Femenino,7,2023-03-22,Activo
620,Daniela,Vergara Castillo,19,Femenino,3,2023-03-02,Activo
621,Tomás,Araya Cortés,26,Masculino,3,2023-08-16,Activo
622,Vicente,Pizarro Torres,21,Masculino,7,2024-08-11,Activo
623,Sofía,Muñoz Araya,28,Femenino,1,2020-08-08,Egresado
624,Constanza,Rojas Hernández,26,Femenino,2,2023-08-15,Activo
625,Fernanda,Hernández Morales,26,Femenino,7,2023-03-04,Retirado
626,Benjamín,Díaz López,18,Masculino,4,2024-08-14,Activo
627,Benjamín,Núñez Rojas,26,Masculino,1,2020-03-20,Egresado
628,Alonso,Contreras Tapia,26,Masculino,3,2023-08-22,Activo
629,Lucas,Núñez Muñoz,28,Masculino,2,2021-08-08,Activo
630,Bárbara,Castillo Torres,23,Femenino,2,2024-08-23,Activo
631,Diego,Díaz Pizarro,21,Masculino,1,2024-08-22,Activo
632,Florencia,Núñez Tapia,22,Femenino,2,2025-03-10,Activo
633,Matías,Vergara Soto,24,Masculino,3,2020-08-16,Activo
634,Gabriel,Díaz Martínez,21,Masculino,1,2024-08-20,Retirado
635,Emilia,Contreras Hernández,25,Femenino,2,2022-08-07,Retirado
636,Josefa,Muñoz Fernández,18,Femenino,1,2025-08-21,Activo
637,Nicolás,Hernández Reyes,21,Masculino,2,2023-08-19,Activo
638,Benjamín,Araya Castro,23,Masculino,5,2025-08-02,Activo
639,Maximiliano,Fernández Araya,20,Masculino,6,2024-03-25,Activo
640,Tomás,Castro Núñez,18,Masculino,2,2025-08-05,Activo
641,Bárbara,Castillo Vergara,26,Femenino,2,2022-08-11,Activo
642,Bárbara,Fernández Gutiérrez,23,Femenino,1,2022-08-25,Activo
643,Martina,Sepúlveda Hernández,19,Femenino,6,2025-08-05,Activo
644,Paula,Sepúlveda Núñez,27,Femenino,1,2020-08-23,Egresado
645,Alonso,Tapia Contreras,24,Masculino,1,2021-08-07,Activo
646,Agustín,Reyes Rodríguez,22,Masculino,4,2022-03-22,Retirado
647,Florencia,Araya Flores,23,Otro,3,2024-03-23,Retirado
648,Lucas,Flores Torres,23,Masculino,5,2025-03-19,Activo
649,Alonso,Sepúlveda Vergara,18,Masculino,6,2024-08-14,Activo
650,Benjamín,López Pérez,19,Masculino,1,2023-03-02,Activo
651,Antonia,Sepúlveda Reyes,19,Femenino,6,2025-03-09,Activo
652,Agustín,Contreras Pizarro,20,Masculino,7,2022-03-18,Activo
653,Trinidad,Díaz Castillo,24,Femenino,1,2021-08-22,Activo
654,Alonso,López Silva,25,Masculino,2,2021-03-17,Egresado
655,Matías,Fernández López,25,Masculino,5,2023-08-13,Activo
656,Ignacio,Flores Muñoz,23,Masculino,2,2023-08-01,Activo
657,Trinidad,Núñez Silva,26,Femenino,3,2021-08-21,Activo
658,Alonso,Castro Castillo,23,Masculino,1,2022-08-07,Activo
659,Antonia,Reyes Rojas,20,Femenino,5,2024-03-06,Activo
660,Diego,López Muñoz,22,Masculino,7,2024-03-14,Activo
661,Sebastián,Soto Espinoza,19,Masculino,6,2023-03-09,Activo
662,Catalina,Muñoz Pérez,19,Femenino,2,2023-08-11,Activo
663,Rodrigo,Núñez Reyes,28,Masculino,3,2021-03-10,Activo
664,Alonso,Rodríguez Rojas,27,Masculino,7,2020-08-23,Egresado
665,Tomás,Araya Rojas,21,Masculino,5,2023-08-17,Activo
666,Daniela,López Rojas,23,Femenino,1,2022-08-12,Activo
667,Ignacio,Morales Rodríguez,21,Masculino,7,2024-08-10,Activo
668,Rodrigo,Araya Torres,22,Masculino,7,2020-08-18,Egresado
669,Florencia,Hernández Silva,21,Femenino,1,2024-03-21,Activo
670,Ignacio,López Fernández,26,Masculino,3,2022-03-04,Activo
671,Isidora,González Fernández,25,Femenino,4,2022-08-17,Activo
672,Bastián,Hernández Torres,24,Masculino,6,2022-08-02,Activo
673,Joaquín,Morales Araya,19,Masculino,2,2024-08-03,Activo
674,Daniela,Flores González,18,Femenino,2,2025-03-21,Activo
675,Francisca,Cortés Reyes,21,Femenino,2,2022-08-14,Activo
676,Josefa,Tapia Núñez,21,Femenino,6,2023-03-03,Activo
677,Martina,Muñoz Rojas,17,Femenino,2,2025-08-03,Activo
678,Sofía,Flores Rojas,22,Femenino,1,2023-08-19,Retirado
679,Gabriel,López Hernández,25,Masculino,1,2023-03-21,Retirado
680,María,López Reyes,17,Femenino,3,2025-08-04,Activo
681,Rodrigo,Rojas Pizarro,18,Masculino,4,2024-03-24,Activo
682,Vicente,Rodríguez Fernández,20,Masculino,1,2023-08-17,Activo
683,Isidora,Castillo Rojas,25,Femenino,7,2024-03-10,Activo
684,María,Torres Soto,22,Femenino,1,2023-03-18,Retirado
685,Emilia,Vásquez Vásquez,22,Femenino,6,2024-08-18,Activo
686,Sebastián,Sepúlveda Reyes,26,Masculino,5,2021-03-24,Activo
687,Benjamín,Flores Cortés,21,Masculino,2,2023-03-18,Activo
688,María,Espinoza Castillo,20,Femenino,5,2023-03-13,Activo
689,Florencia,Contreras Fuentes,23,Femenino,1,2021-08-21,Retirado
690,Constanza,Castillo Núñez,24,Femenino,6,2021-08-09,Activo
691,Carolina,Cortés Muñoz,26,Femenino,6,2023-08-25,Retirado
692,Vicente,Sepúlveda Reyes,21,Masculino,2,2025-08-03,Activo
693,Carolina,Torres Morales,19,Femenino,2,2025-03-12,Activo
694,Cristóbal,Díaz Sepúlveda,20,Masculino,7,2023-08-20,Activo
695,Ignacio,Torres Hernández,22,Masculino,3,2024-08-11,Activo
696,Sebastián,Espinoza Espinoza,23,Masculino,4,2024-03-12,Activo
697,Tomás,González Morales,24,Masculino,6,2021-08-08,Activo
698,Gabriel,Martínez Núñez,21,Masculino,6,2023-03-12,Activo
699,Ignacio,Vergara Torres,24,Masculino,2,2025-03-15,Activo
700,Isidora,Torres Flores,21,Femenino,2,2023-08-04,Retirado
701,Vicente,Núñez Martínez,22,Masculino,2,2023-08-05,Activo
702,Valentina,Castro Rojas,18,Femenino,2,2024-03-01,Activo
703,Pablo,López Pizarro,21,Masculino,2,2024-03-19,Activo
704,Alonso,Martínez Flores,25,Masculino,6,2024-08-18,Activo
705,Sebastián,Rodríguez López,21,Masculino,2,2025-08-08,Activo
706,Paula,Araya Rojas,23,Femenino,1,2024-03-13,Activo
707,Cristóbal,Cortés Vásquez,19,Masculino,1,2025-08-20,Activo
708,Sebastián,Hernández Soto,22,Masculino,1,2022-08-06,Retirado
709,Maximiliano,Rodríguez Muñoz,26,Masculino,4,2023-03-08,Activo
710,Sofía,Rodríguez Silva,21,Femenino,1,2024-08-02,Activo
711,Lucas,López Torres,21,Masculino,6,2021-03-15,Retirado
712,Martina,Díaz Gutiérrez,25,Femenino,3,2021-08-17,Activo
713,Felipe,Espinoza Flores,24,Masculino,2,2020-03-19,Egresado
714,Emilia,Rodríguez Espinoza,18,Femenino,6,2025-03-21,Activo
715,Martín,Fernández Silva,28,Masculino,3,2020-08-17,Activo
716,Florencia,Torres Vásquez,22,Femenino,1,2020-03-16,Egresado
717,Sebastián,Hernández Soto,23,Masculino,4,2020-03-08,Egresado
718,Felipe,Contreras Pérez,21,Masculino,6,2023-08-06,Activo
719,Javiera,Reyes Silva,22,Femenino,3,2025-08-14,Activo
720,Maximiliano,Reyes Torres,23,Masculino,4,2022-03-16,Activo
721,Gabriel,González Silva,22,Masculino,7,2022-08-02,Activo
722,Tomás,Pérez Tapia,18,Masculino,4,2024-08-17,Activo
723,Sebastián,Muñoz Soto,22,Masculino,6,2022-03-09,Activo
724,Martín,Castillo Espinoza,20,Masculino,2,2022-08-21,Activo
725,Agustín,Rojas Contreras,28,Masculino,6,2021-03-15,Egresado
726,Tomás,Silva Núñez,22,Masculino,2,2022-08-14,Activo
727,Tomás,Castillo Reyes,23,Masculino,3,2023-08-17,Activo
728,Martina,Fernández Hernández,19,Femenino,1,2024-08-20,Activo
729,Emilia,Pérez Díaz,24,Femenino,1,2021-08-01,Activo
730,Bastián,Reyes Fuentes,19,Masculino,2,2024-03-05,Activo
731,Bárbara,Castillo Muñoz,23,Femenino,1,2020-08-18,Retirado
732,Catalina,Vergara Castillo,18,Femenino,3,2024-03-18,Activo
733,Gabriel,Araya Fuentes,17,Masculino,2,2025-03-12,Activo
734,Gabriel,Silva Vásquez,25,Masculino,6,2023-03-16,Activo
735,Carolina,Díaz Fuentes,22,Femenino,2,2024-03-05,Activo
736,Constanza,Fernández Cortés,23,Femenino,6,2023-03-03,Activo
737,Alonso,Fuentes Martínez,18,Masculino,1,2024-03-07,Activo
738,Benjamín,Espinoza Araya,21,Masculino,2,2021-03-04,Egresado
739,Francisca,Gutiérrez Vásquez,27,Femenino,7,2021-08-11,Egresado
740,Catalina,Fuentes Tapia,21,Femenino,7,2025-03-19,Activo
741,Daniela,Fuentes Espinoza,23,Femenino,2,2023-03-12,Activo
742,Tomás,Pizarro Contreras,27,Otro,5,2022-08-14,Activo
743,Daniela,Flores Torres,21,Femenino,4,2025-03-09,Activo
744,Martín,Castro Pérez,19,Masculino,2,2024-08-22,Activo
745,Nicolás,Vásquez Gutiérrez,19,Masculino,4,2024-08-06,Activo
746,Emilia,Vásquez Morales,18,Femenino,1,2024-08-18,Retirado
747,María,Vásquez Rojas,24,Femenino,2,2025-03-05,Activo
748,Gabriel,Rojas Rojas,23,Masculino,1,2022-08-09,Activo
749,Bárbara,Muñoz Castro,25,Femenino,5,2023-08-13,Activo
750,Bastián,Sepúlveda Gutiérrez,19,Masculino,5,2023-03-20,Activo
751,Tomás,Tapia Torres,18,Masculino,2,2024-08-15,Activo
752,Paula,Sepúlveda Contreras,22,Femenino,2,2023-08-02,Activo
753,Matías,Rodríguez Silva,20,Masculino,5,2022-03-21,Activo
754,Vicente,Martínez Pizarro,22,Masculino,1,2025-03-13,Retirado
755,Martín,Espinoza Contreras,18,Masculino,1,2024-03-17,Activo
756,Vicente,Fernández Rojas,24,Masculino,2,2022-08-18,Activo
757,Alonso,Fernández Espinoza,27,Masculino,3,2020-03-12,Activo
758,Felipe,Silva Castillo,26,Masculino,1,2023-08-07,Activo
759,Pablo,González Martínez,26,Masculino,1,2022-08-06,Activo
760,Alonso,Rojas Araya,24,Masculino,5,2023-08-10,Activo
761,Bastián,Martínez Vergara,26,Masculino,4,2020-08-18,Egresado
762,Martín,Espinoza Torres,20,Masculino,1,2025-03-25,Activo
763,Nicolás,Reyes Hernández,21,Masculino,3,2021-08-19,Activo
764,Sofía,Rojas López,21,Femenino,5,2024-03-21,Activo
765,Cristóbal,Vásquez Morales,23,Masculino,7,2024-08-14,Activo
766,Benjamín,Gutiérrez Núñez,23,Masculino,5,2022-08-09,Retirado
767,Emilia,Reyes Castro,21,Femenino,1,2022-03-11,Activo
768,Tomás,Torres Morales,22,Masculino,2,2023-08-12,Activo
769,Felipe,Soto Castro,21,Masculino,1,2024-03-22,Activo
770,Joaquín,Silva Castro,24,Masculino,2,2022-08-08,Activo
771,Francisca,Núñez Silva,26,Femenino,1,2021-03-20,Egresado
772,Javiera,Díaz Fernández,28,Femenino,6,2021-03-03,Egresado
773,Alonso,Muñoz Cortés,23,Masculino,3,2024-03-16,Activo
774,Maximiliano,Vergara Vergara,24,Masculino,6,2022-03-19,Activo
775,Bastián,Martínez López,21,Masculino,1,2023-08-08,Activo
776,Josefa,Torres Flores,24,Femenino,6,2023-08-02,Activo
777,Antonia,Hernández Díaz,26,Femenino,1,2023-08-23,Activo
778,María,González Reyes,26,Femenino,2,2022-03-07,Activo
779,Ignacio,Rodríguez Castillo,22,Masculino,1,2022-08-09,Activo
780,Cristóbal,Martínez Torres,22,Masculino,1,2025-03-20,Activo
781,Fernanda,Fuentes Contreras,24,Femenino,7,2023-08-14,Activo
782,Emilia,Martínez Hernández,21,Femenino,6,2023-03-06,Activo
783,Cristóbal,Núñez Díaz,22,Masculino,5,2024-03-24,Activo
784,Alonso,Fuentes Cortés,24,Masculino,2,2021-03-13,Egresado
785,Catalina,Torres Vásquez,20,Femenino,4,2024-03-01,Activo
786,Catalina,Vergara Cortés,24,Femenino,5,2023-03-21,Activo
787,Agustín,Martínez Flores,19,Masculino,5,2023-08-19,Retirado
788,Antonia,Muñoz Contreras,24,Femenino,1,2025-03-09,Activo
789,Diego,Hernández Castro,25,Masculino,1,2021-03-11,Egresado
790,Daniela,Flores Fernández,24,Femenino,7,2023-08-09,Activo
791,Javiera,Rodríguez Cortés,24,Femenino,4,2021-03-22,Egresado
792,Alonso,Soto Pizarro,24,Masculino,1,2023-08-10,Activo
793,Paula,Torres Pizarro,25,Femenino,2,2024-03-24,Activo
794,Martín,Castillo Sepúlveda,20,Masculino,6,2024-03-15,Activo
795,Ignacio,Fuentes Tapia,26,Masculino,2,2022-08-20,Activo
796,Vicente,Rojas Soto,23,Masculino,5,2022-08-11,Activo
797,Isidora,Gutiérrez Martínez,25,Femenino,5,2023-03-20,Activo
798,Trinidad,Pizarro Cortés,27,Femenino,1,2022-08-12,Activo
799,Antonia,Cortés González,25,Femenino,7,2020-03-05,Egresado
800,Vicente,Contreras Soto,19,Masculino,2,2024-03-13,Activo
801,Fernanda,Flores Muñoz,24,Femenino,3,2024-08-01,Activo
802,Vicente,Díaz Martínez,22,Masculino,3,2022-03-20,Activo
803,Emilia,Sepúlveda Silva,23,Femenino,1,2023-08-08,Activo
804,Catalina,Pérez Araya,20,Femenino,7,2022-08-06,Activo
805,Florencia,Cortés Fernández,28,Femenino,4,2021-08-11,Activo
806,Daniela,Fernández Martínez,28,Femenino,5,2021-03-18,Retirado
807,Daniela,Soto Espinoza,26,Femenino,6,2023-03-20,Activo
808,Pablo,Fuentes Araya,22,Masculino,3,2024-03-21,Activo
809,Maximiliano,Flores Silva,25,Masculino,1,2024-08-03,Activo
810,Josefa,Martínez Pérez,21,Femenino,7,2021-08-10,Egresado
811,Catalina,Rodríguez Sepúlveda,19,Femenino,3,2023-08-16,Retirado
812,Maximiliano,Pizarro Torres,21,Masculino,4,2021-03-10,Egresado
813,Agustín,Castillo Silva,26,Masculino,3,2021-08-01,Activo
814,Daniela,Fuentes López,19,Femenino,5,2025-03-08,Activo
815,Martín,Núñez López,24,Masculino,4,2022-08-08,Activo
816,Constanza,Araya Pizarro,23,Femenino,6,2023-08-20,Activo
817,Daniela,Vásquez Martínez,22,Femenino,7,2023-03-14,Activo
818,Tomás,Pérez Sepúlveda,26,Masculino,2,2023-03-04,Activo
819,Felipe,Gutiérrez Castillo,24,Masculino,4,2021-03-16,Egresado
820,Catalina,Muñoz Flores,20,Femenino,7,2024-08-01,Activo
821,Agustín,Martínez Pérez,26,Masculino,1,2023-03-23,Retirado
822,Cristóbal,Rojas Pérez,27,Masculino,5,2022-03-01,Activo
823,Josefa,Sepúlveda Vásquez,26,Femenino,7,2021-03-16,Egresado
824,Camila,Morales Rojas,21,Femenino,6,2023-08-25,Activo
825,Emilia,Rojas Flores,20,Femenino,7,2024-03-16,Activo
826,Sofía,Núñez López,20,Femenino,4,2023-03-01,Activo
827,Cristóbal,López Pizarro,23,Masculino,5,2022-08-15,Activo
828,Matías,Contreras Hernández,21,Masculino,1,2022-08-24,Retirado
829,Joaquín,Torres López,23,Masculino,2,2023-03-22,Retirado
830,Tomás,Tapia Castro,20,Masculino,1,2023-08-02,Activo
831,Isidora,Contreras Rodríguez,21,Femenino,2,2024-08-02,Activo
832,Cristóbal,Tapia Fuentes,18,Masculino,4,2024-08-11,Activo
833,Sofía,Espinoza Díaz,22,Femenino,4,2023-03-13,Activo
834,Camila,Espinoza Vásquez,27,Femenino,7,2022-03-23,Activo
835,Sebastián,Rodríguez Pizarro,22,Masculino,5,2023-08-03,Activo
836,Valentina,Reyes Castillo,18,Femenino,1,2024-08-11,Activo
837,Catalina,Gutiérrez Flores,22,Femenino,4,2022-03-04,Activo
838,Martina,Flores Vásquez,26,Femenino,5,2021-08-21,Activo
839,Nicolás,Castro Contreras,26,Masculino,1,2022-03-01,Activo
840,Catalina,Martínez Vergara,26,Femenino,3,2023-08-02,Activo
841,Alonso,Sepúlveda Flores,27,Masculino,4,2022-08-23,Retirado
842,Antonia,Flores Rodríguez,29,Femenino,6,2020-08-11,Egresado
843,Bárbara,Fernández Cortés,21,Femenino,1,2023-08-18,Activo
844,Catalina,Hernández Sepúlveda,22,Femenino,4,2025-08-09,Activo
845,Paula,López Castro,21,Femenino,1,2021-03-06,Egresado
846,Lucas,Pizarro Castillo,23,Masculino,1,2024-03-08,Activo
847,Alonso,Núñez López,24,Masculino,1,2025-08-07,Activo
848,Sebastián,Castillo Sepúlveda,27,Masculino,6,2021-08-11,Activo
849,Diego,Díaz Araya,22,Masculino,1,2021-03-22,Retirado
850,Catalina,Soto Cortés,20,Femenino,4,2025-08-02,Activo
851,Francisca,Díaz Muñoz,23,Femenino,5,2025-08-19,Activo
852,Bastián,Castillo Gutiérrez,25,Masculino,1,2021-03-19,Egresado
853,Constanza,Castillo Gutiérrez,18,Femenino,1,2024-03-03,Activo
854,Joaquín,Tapia Torres,26,Masculino,5,2023-03-03,Activo
855,Matías,Rodríguez Flores,26,Masculino,1,2022-08-24,Activo
856,Matías,Núñez Castillo,20,Masculino,1,2022-08-09,Activo
857,Agustín,Rojas Contreras,21,Masculino,3,2022-03-17,Activo
858,Constanza,Flores López,21,Femenino,1,2024-03-07,Activo
859,Cristóbal,Espinoza Tapia,25,Masculino,4,2023-03-06,Activo
860,Pablo,Rodríguez Reyes,26,Masculino,7,2022-08-15,Activo
861,Tomás,Vásquez Soto,23,Masculino,6,2025-08-18,Activo
862,Tomás,Flores Castillo,25,Masculino,2,2022-03-15,Activo
863,Alonso,Morales Cortés,25,Masculino,3,2023-03-12,Retirado
864,Gabriel,Núñez Castro,23,Masculino,7,2022-08-11,Activo
865,Joaquín,López Pizarro,23,Masculino,5,2023-03-18,Activo
866,Trinidad,Hernández López,17,Femenino,4,2025-03-01,Activo
867,Pablo,González Araya,22,Otro,1,2024-03-05,Activo
868,Constanza,Contreras Cortés,19,Femenino,1,2023-03-11,Activo
869,Felipe,Fernández Flores,19,Masculino,4,2025-08-17,Activo
870,Trinidad,Rodríguez Pérez,25,Femenino,1,2021-08-05,Activo
871,Carolina,Silva Silva,21,Femenino,1,2025-08-09,Activo
872,Emilia,Espinoza Fernández,19,Femenino,6,2024-03-07,Activo
873,Maximiliano,Soto Torres,20,Masculino,4,2023-03-23,Activo
874,Agustín,Muñoz Castro,27,Masculino,2,2021-08-19,Retirado
875,Camila,Fernández Pizarro,24,Femenino,3,2023-08-11,Activo
876,Gabriel,Fuentes Fernández,25,Masculino,4,2020-03-04,Egresado
877,Rodrigo,Fernández González,24,Masculino,2,2024-08-21,Activo
878,Paula,Muñoz Morales,21,Femenino,4,2023-08-18,Activo
879,Constanza,Pérez Muñoz,24,Femenino,6,2024-03-22,Activo
880,Rodrigo,Espinoza Araya,23,Masculino,5,2022-03-03,Activo
881,Emilia,Pérez Pérez,20,Femenino,3,2023-08-11,Activo
882,Camila,Flores López,19,Femenino,4,2024-03-09,Activo
883,Josefa,Pizarro Gutiérrez,21,Femenino,1,2023-08-05,Activo
884,Francisca,Torres López,24,Femenino,7,2021-03-21,Egresado
885,Bastián,Silva Silva,23,Masculino,5,2023-08-03,Activo
886,Ignacio,Reyes Fernández,22,Masculino,3,2021-08-19,Activo
887,Josefa,Fuentes Rodríguez,20,Femenino,1,2025-03-12,Activo
888,Bárbara,Tapia González,22,Femenino,4,2024-08-25,Activo
889,Florencia,Castillo Núñez,20,Femenino,3,2024-08-15,Activo
890,Constanza,Contreras Reyes,22,Femenino,7,2022-03-12,Retirado
891,Vicente,Díaz Castro,23,Masculino,1,2022-03-02,Activo
892,Sebastián,Cortés Núñez,19,Masculino,2,2023-03-10,Activo
893,Javiera,Sepúlveda Hernández,21,Femenino,5,2021-03-16,Activo
894,Daniela,Contreras Contreras,24,Femenino,1,2022-03-18,Retirado
895,Rodrigo,Castro Pérez,19,Masculino,2,2023-03-23,Activo
896,Paula,Muñoz Martínez,17,Femenino,6,2025-08-06,Activo
897,Bárbara,Martínez Muñoz,21,Femenino,1,2021-08-15,Activo
898,Sofía,Reyes Cortés,23,Femenino,6,2024-03-22,Activo
899,Benjamín,Sepúlveda Cortés,23,Masculino,5,2025-08-21,Activo
900,Emilia,Araya Gutiérrez,22,Femenino,7,2025-03-04,Activo
901,Bárbara,Flores Rojas,23,Femenino,1,2022-03-06,Activo
902,Nicolás,Flores Fernández,21,Masculino,6,2021-08-23,Activo
903,Paula,Sepúlveda Morales,25,Femenino,6,2023-03-16,Activo
904,Benjamín,Rodríguez Reyes,23,Masculino,5,2024-08-12,Activo
905,Cristóbal,Araya Martínez,23,Masculino,2,2023-03-02,Activo
906,Benjamín,Flores Martínez,19,Masculino,2,2025-08-08,Activo
907,Emilia,Reyes Pérez,24,Femenino,2,2024-08-03,Activo
908,Rodrigo,Cortés Tapia,21,Masculino,6,2024-03-22,Retirado
909,Carolina,Pérez Fuentes,24,Femenino,5,2023-08-10,Activo
910,Catalina,Contreras Tapia,22,Femenino,2,2023-03-05,Retirado
911,Agustín,Gutiérrez Gutiérrez,20,Masculino,5,2024-08-17,Retirado
912,Catalina,Tapia Fernández,23,Femenino,2,2021-08-19,Activo
913,Daniela,Flores Castro,19,Femenino,6,2025-03-04,Activo
914,Catalina,Castro González,22,Femenino,2,2025-03-25,Activo
915,Gabriel,Fuentes Sepúlveda,21,Masculino,1,2025-08-15,Activo
916,Francisca,Díaz Pérez,19,Femenino,2,2023-03-06,Activo
917,Rodrigo,Castillo Martínez,23,Masculino,1,2022-03-20,Retirado
918,Cristóbal,Reyes González,21,Masculino,2,2022-08-12,Retirado
919,Maximiliano,Pérez Araya,24,Masculino,6,2025-03-20,Activo
920,Lucas,Soto Cortés,24,Masculino,6,2025-08-13,Activo
921,Antonia,Contreras Silva,26,Femenino,5,2022-08-02,Activo
922,Benjamín,Fernández Martínez,24,Masculino,4,2021-03-14,Egresado
923,Joaquín,Pizarro Contreras,20,Masculino,2,2024-08-03,Activo
924,Nicolás,Cortés Castillo,23,Masculino,6,2024-08-16,Activo
925,Cristóbal,Fuentes López,17,Masculino,6,2025-08-25,Activo
926,Martín,Castro Morales,18,Masculino,2,2024-03-13,Activo
927,Nicolás,Hernández Núñez,20,Masculino,2,2025-03-02,Activo
928,Martín,Castro Muñoz,25,Masculino,1,2023-03-18,Activo
929,Matías,Contreras Sepúlveda,26,Masculino,6,2022-08-15,Retirado
930,Agustín,Hernández Soto,25,Masculino,1,2021-08-14,Activo
931,Matías,Gutiérrez Araya,26,Masculino,5,2023-08-05,Activo
932,Nicolás,Rojas Castro,19,Masculino,5,2024-08-17,Activo
933,Carolina,Vergara Gutiérrez,23,Femenino,5,2021-03-18,Activo
934,Martina,Hernández González,27,Femenino,6,2022-08-06,Activo
935,Joaquín,Vergara Hernández,22,Masculino,6,2024-03-03,Activo
936,Antonia,Gutiérrez Castro,23,Femenino,1,2020-08-04,Egresado
937,Trinidad,Tapia Rodríguez,24,Femenino,7,2024-03-03,Activo
938,Bastián,Castillo Soto,23,Masculino,5,2025-08-13,Activo
939,Antonia,Fernández Morales,20,Femenino,2,2024-08-19,Activo
940,Catalina,Soto Pizarro,20,Femenino,3,2022-08-23,Retirado
941,Isidora,Castro Pizarro,24,Femenino,2,2022-08-15,Retirado
942,Diego,Vergara Pérez,19,Masculino,4,2023-03-07,Activo
943,Felipe,González Hernández,28,Masculino,4,2021-08-16,Activo
944,Benjamín,Castillo Vergara,21,Masculino,7,2024-03-16,Activo
945,Fernanda,Hernández Fuentes,20,Femenino,4,2023-03-15,Activo
946,Benjamín,Silva Vergara,22,Masculino,3,2024-08-18,Activo
947,Alonso,Núñez Núñez,19,Masculino,5,2023-03-07,Activo
948,Camila,Tapia Rodríguez,21,Femenino,3,2023-08-02,Activo
949,Pablo,Núñez Castillo,24,Masculino,2,2023-08-10,Activo
950,Matías,Díaz Fuentes,22,Masculino,7,2022-08-06,Retirado
951,Rodrigo,Reyes Gutiérrez,22,Masculino,1,2022-03-23,Activo
952,Pablo,Rodríguez Fernández,22,Masculino,3,2021-03-02,Activo
953,Ignacio,Rodríguez Vergara,19,Masculino,1,2024-03-13,Activo
954,Alonso,Rojas Sepúlveda,21,Masculino,7,2023-08-16,Activo
955,Sofía,Morales Araya,23,Femenino,2,2022-08-14,Retirado
956,Rodrigo,Muñoz Díaz,23,Masculino,5,2020-08-19,Activo
957,Bárbara,Fernández Vásquez,24,Femenino,7,2022-03-23,Activo
958,Martina,Martínez Araya,25,Femenino,1,2022-08-19,Activo
959,Rodrigo,Espinoza Torres,25,Masculino,3,2024-03-17,Activo
960,Tomás,Vergara Castillo,23,Masculino,4,2023-03-08,Activo
961,Benjamín,Díaz González,19,Masculino,7,2024-08-15,Activo
962,Joaquín,Vásquez Castillo,23,Masculino,2,2025-03-14,Activo
963,Florencia,Flores Vásquez,21,Femenino,1,2024-03-21,Activo
964,Francisca,Gutiérrez Sepúlveda,21,Femenino,2,2022-08-09,Activo
965,Paula,Flores Morales,22,Femenino,6,2020-03-25,Retirado
966,Martina,Morales López,22,Femenino,2,2020-08-24,Egresado
967,Joaquín,Morales Núñez,26,Masculino,1,2023-08-11,Activo
968,Matías,Tapia Pérez,19,Masculino,2,2025-03-16,Activo
969,Alonso,Vergara Morales,25,Masculino,7,2023-03-15,Activo
970,Matías,Núñez Araya,25,Masculino,2,2022-08-10,Activo
971,Benjamín,Contreras Espinoza,26,Masculino,2,2021-08-22,Activo
972,Lucas,Rojas Pérez,21,Masculino,6,2021-03-09,Activo
973,Emilia,Tapia Flores,23,Femenino,1,2025-03-06,Retirado
974,Javiera,Cortés Vásquez,25,Femenino,1,2021-03-25,Activo
975,Ignacio,Gutiérrez Muñoz,26,Masculino,7,2022-03-09,Activo
976,Constanza,Rodríguez Hernández,25,Femenino,6,2020-03-10,Egresado
977,Tomás,Díaz Rodríguez,21,Masculino,4,2024-08-02,Activo
978,Nicolás,Araya González,22,Masculino,7,2022-03-16,Activo
979,Fernanda,Castro Cortés,24,Femenino,2,2022-08-17,Activo
980,Sebastián,Pizarro Cortés,20,Masculino,3,2024-03-04,Activo
981,Camila,Hernández López,21,Femenino,1,2022-08-23,Activo
982,Camila,Reyes Cortés,19,Femenino,4,2024-03-20,Retirado
983,Camila,Díaz Araya,23,Femenino,1,2023-08-25,Activo
984,Isidora,Tapia Vergara,27,Femenino,1,2020-08-07,Egresado
985,Isidora,Martínez Flores,24,Femenino,2,2025-08-11,Activo
986,Felipe,Pérez Soto,22,Masculino,7,2021-08-09,Activo
987,Bárbara,Flores Araya,20,Femenino,3,2025-08-04,Activo
988,Alonso,Morales Martínez,21,Masculino,1,2025-08-05,Activo
989,Tomás,Rojas Sepúlveda,23,Masculino,3,2024-08-20,Activo
990,Matías,Pérez González,21,Masculino,2,2021-08-16,Activo
991,Camila,Rojas Fuentes,19,Femenino,7,2025-03-13,Activo
992,Pablo,Tapia Núñez,29,Masculino,6,2020-08-23,Egresado
993,Agustín,Morales Núñez,21,Masculino,2,2022-08-07,Activo
994,Nicolás,Espinoza Pérez,26,Masculino,5,2023-08-03,Activo
995,Isidora,Reyes Tapia,27,Femenino,6,2022-08-23,Activo
996,Constanza,Pérez Cortés,24,Femenino,1,2022-08-20,Retirado
997,Martín,Soto Gutiérrez,24,Masculino,5,2023-08-22,Activo
998,Ignacio,Hernández Torres,21,Masculino,5,2022-03-01,Activo
999,Florencia,Torres Hernández,22,Femenino,3,2024-08-06,Retirado
1000,Rodrigo,Espinoza Pérez,23,Masculino,1,2020-03-17,Retirado
